{
  "centroids": [
    -0.08519439485930519,
    -0.06453714163589182,
    -0.050481094293791245,
    -0.03919681443778645,
    -0.02940409868321985,
    -0.0204933298624443,
    -0.012108577607961423,
    -0.004006407081565836,
    0.0040064070815658435,
    0.012108577607961428,
    0.020493329862444308,
    0.02940409868321986,
    0.039196814437786456,
    0.05048109429379125,
    0.06453714163589182,
    0.08519439485930515
  ],
  "boundaries": [
    -1.0,
    -0.0748657682475985,
    -0.05750911796484153,
    -0.044838954365788844,
    -0.03430045656050315,
    -0.024948714272832073,
    -0.016300953735202864,
    -0.00805749234476363,
    3.903127820947816e-18,
    0.008057492344763635,
    0.016300953735202867,
    0.024948714272832084,
    0.03430045656050316,
    0.04483895436578886,
    0.05750911796484154,
    0.07486576824759848,
    1.0
  ],
  "mse_per_coord": 9.255571862271003e-06,
  "mse_total": 0.009477705586965507,
  "d": 1024,
  "bits": 4
}