{
  "state_example": [
    -0.053153958171606064,
    0.006965538952499628,
    0.6782670021057129,
    3.1407337188720703,
    0.001578160678036511,
    -0.08931978791952133,
    0.03902563080191612,
    -0.03902474790811539
  ],
  "task_index": 0
}